2, 'new_val', 'def'
2, 'new_val', 'def'
4, 'abc', 'def'
1, 'two', 'three'
1, 'jbrockmendel', 'MDQ6VXNlcjgwNzg5Njg='
2, 'new_val', 'MDQ6VXNlcjgwNzg5Njg='
3, 'jbrockmendel', 'MDQ6VXNlcjgwNzg5Njg='
4, 'lithomas1', 'MDQ6VXNlcjQ3OTYzMjE1'
5, 'xiki-tempula', 'MDQ6VXNlcjYyNDIwMzI='
6, 'SamuelTrew', 'MDQ6VXNlcjMxOTI3NzE0'
7, 'WardBrian', 'MDQ6VXNlcjMxNjQwMjky'
8, 'jbrockmendel', 'MDQ6VXNlcjgwNzg5Njg='
9, 'jbrockmendel', 'MDQ6VXNlcjgwNzg5Njg='
10, 'jbrockmendel', 'MDQ6VXNlcjgwNzg5Njg='
11, 'rhshadrach', 'MDQ6VXNlcjQ1NTYyNDAy'
12, 'jbrockmendel', 'MDQ6VXNlcjgwNzg5Njg='
13, 'architsingh15', 'MDQ6VXNlcjE1NTU2MTI0'
14, 'fangchenli', 'MDQ6VXNlcjc2MTQ2MDY='
15, 'TheNeuralBit', 'MDQ6VXNlcjY3NTA1NQ=='
16, 'fangchenli', 'MDQ6VXNlcjc2MTQ2MDY='
17, 'mwaddoups', 'MDQ6VXNlcjExNDQxMzkz'
18, 'Dr-Irv', 'MDQ6VXNlcjE1MTEzODk0'
19, 'tlaytongoogle', 'MDQ6VXNlcjExNTU4MDQx'
20, 'johnands', 'MDQ6VXNlcjUyOTQzMjI='
21, 'timlod', 'MDQ6VXNlcjczNDYzMDM='
22, 'zxdawn', 'MDQ6VXNlcjMwMzg4NjI3'
23, 'HyukjinKwon', 'MDQ6VXNlcjY0Nzc3MDE='
24, 'lithomas1', 'MDQ6VXNlcjQ3OTYzMjE1'
25, 'beaverden', 'MDQ6VXNlcjEwOTA4Mjcw'
26, 'irshad-io', 'MDQ6VXNlcjYzNzEwMDYw'
27, 'benchittle', 'MDQ6VXNlcjcyMDQ2NjAz'
28, 'JoakimZachrisson', 'MDQ6VXNlcjU2ODI2ODI5'
29, 'jordanrmerrick', 'MDQ6VXNlcjg5NTI5OTQ='
